filename,label
Amiloidosis/PSAMILOIDOSE20210214-1.jpg,Amiloidosis
Amiloidosis/PSAMILOIDOSE20210214-2.jpg,Amiloidosis
Amiloidosis/PSAMILOIDOSE20210214-3.jpg,Amiloidosis
Amiloidosis/PSAMILOIDOSE20210214-4.jpg,Amiloidosis
Amiloidosis/PSAMILOIDOSE20210214-5.jpg,Amiloidosis
Amiloidosis/PSAMILOIDOSE20210214-6.jpg,Amiloidosis
Amiloidosis/PSAMILOIDOSE20210214-7.jpg,Amiloidosis
Amiloidosis/PSAMILOIDOSE20210214-8.jpg,Amiloidosis
Amiloidosis/PSAMILOIDOSE20210214-14.jpg,Amiloidosis
Amiloidosis/PSAMILOIDOSE20210214-15.jpg,Amiloidosis
Amiloidosis/PSAMILOIDOSE20210214-16.jpg,Amiloidosis
Amiloidosis/PSAMILOIDOSE20210214-17.jpg,Amiloidosis
Amiloidosis/PSAMILOIDOSE20210214-18.jpg,Amiloidosis
Amiloidosis/PSAMILOIDOSE20210214-19.jpg,Amiloidosis
Amiloidosis/PSAMILOIDOSE20210214-24.jpg,Amiloidosis
Amiloidosis/PSAMILOIDOSE20210214-25.jpg,Amiloidosis
Amiloidosis/PSAMILOIDOSE20210214-26.jpg,Amiloidosis
Amiloidosis/PSAMILOIDOSE20210214-27.jpg,Amiloidosis
Amiloidosis/PSAMILOIDOSE20210214-28.jpg,Amiloidosis
Amiloidosis/PSAMILOIDOSE20210214-29.jpg,Amiloidosis
Amiloidosis/PSAMILOIDOSE20210214-30.jpg,Amiloidosis
Amiloidosis/PSAMILOIDOSE20210214-31.jpg,Amiloidosis
Amiloidosis/PSAMILOIDOSE20210214-32.jpg,Amiloidosis
Amiloidosis/PSAMILOIDOSE20210214-33.jpg,Amiloidosis
Amiloidosis/PSAMILOIDOSE20210214-34.jpg,Amiloidosis
Amiloidosis/PSAMILOIDOSE20210214-35.jpg,Amiloidosis
Amiloidosis/PSAMILOIDOSE20210214-42.jpg,Amiloidosis
Amiloidosis/PSAMILOIDOSE20210214-43.jpg,Amiloidosis
Amiloidosis/PSAMILOIDOSE20210214-44.jpg,Amiloidosis
Amiloidosis/PSAMILOIDOSE20210214-45.jpg,Amiloidosis
Amiloidosis/PSAMILOIDOSE20210214-46.jpg,Amiloidosis
Amiloidosis/PSAMILOIDOSE20210214-47.jpg,Amiloidosis
Amiloidosis/PSAMILOIDOSE20210214-48.jpg,Amiloidosis
Amiloidosis/PSAMILOIDOSE20210214-49.jpg,Amiloidosis
Amiloidosis/PSAMILOIDOSE20210214-53.jpg,Amiloidosis
Amiloidosis/PSAMILOIDOSE20210214-54.jpg,Amiloidosis
Amiloidosis/PSAMILOIDOSE20210214-55.jpg,Amiloidosis
Amiloidosis/PSAMILOIDOSE20210214-56.jpg,Amiloidosis
Amiloidosis/PSAMILOIDOSE20210214-57.jpg,Amiloidosis
Amiloidosis/PSAMILOIDOSE20210214-58.jpg,Amiloidosis
Amiloidosis/PSAMILOIDOSE20210214-59.jpg,Amiloidosis
Amiloidosis/PSAMILOIDOSE20210214-60.jpg,Amiloidosis
Amiloidosis/PSAMILOIDOSE20210214-61.jpg,Amiloidosis
Amiloidosis/PSAMILOIDOSE20210214-68.jpg,Amiloidosis
Amiloidosis/PSAMILOIDOSE20210214-69.jpg,Amiloidosis
Amiloidosis/PSAMILOIDOSE20210214-70.jpg,Amiloidosis
Amiloidosis/PSAMILOIDOSE20210214-71.jpg,Amiloidosis
Amiloidosis/PSAMILOIDOSE20210214-72.jpg,Amiloidosis
Amiloidosis/PSAMILOIDOSE20210214-73.jpg,Amiloidosis
Amiloidosis/PSAMILOIDOSE20210214-74.jpg,Amiloidosis
Amiloidosis/PSAMILOIDOSE20210214-75.jpg,Amiloidosis
Amiloidosis/PSAMILOIDOSE20210214-76.jpg,Amiloidosis
Amiloidosis/PSAMILOIDOSE20210214-77.jpg,Amiloidosis
Amiloidosis/PSAMILOIDOSE20210214-78.jpg,Amiloidosis
Amiloidosis/PSAMILOIDOSE20210214-82.jpg,Amiloidosis
Amiloidosis/PSAMILOIDOSE20210214-83.jpg,Amiloidosis
Amiloidosis/PSAMILOIDOSE20210214-84.jpg,Amiloidosis
Amiloidosis/PSAMILOIDOSE20210214-85.jpg,Amiloidosis
Amiloidosis/PSAMILOIDOSE20210214-86.jpg,Amiloidosis
Amiloidosis/PSAMILOIDOSE20210214-87.jpg,Amiloidosis
Amiloidosis/PSAMILOIDOSE20210214-88.jpg,Amiloidosis
Amiloidosis/PSAMILOIDOSE20210214-89.jpg,Amiloidosis
Amiloidosis/PSAMILOIDOSE20210214-90.jpg,Amiloidosis
Amiloidosis/PSAMILOIDOSE20210214-93.jpg,Amiloidosis
Amiloidosis/PSAMILOIDOSE20210214-94.jpg,Amiloidosis
Amiloidosis/PSAMILOIDOSE20210214-95.jpg,Amiloidosis
Amiloidosis/PSAMILOIDOSE20210214-96.jpg,Amiloidosis
Amiloidosis/PSAMILOIDOSE20210214-97.jpg,Amiloidosis
Amiloidosis/PSAMILOIDOSE20210214-98.jpg,Amiloidosis
Amiloidosis/PSAMILOIDOSE20210214-99.jpg,Amiloidosis
Amiloidosis/PSAMILOIDOSE20210214-100.jpg,Amiloidosis
Amiloidosis/PSAMILOIDOSE20210214-101.jpg,Amiloidosis
Amiloidosis/PSAMILOIDOSE20210214-102.jpg,Amiloidosis
Amiloidosis/PSAMILOIDOSE20210214-103.jpg,Amiloidosis
Amiloidosis/PSAMILOIDOSE20210214-104.jpg,Amiloidosis
Amiloidosis/PSAMILOIDOSE20210214-111.jpg,Amiloidosis
Amiloidosis/PSAMILOIDOSE20210214-112.jpg,Amiloidosis
Amiloidosis/PSAMILOIDOSE20210214-113.jpg,Amiloidosis
Amiloidosis/PSAMILOIDOSE20210214-114.jpg,Amiloidosis
Amiloidosis/PSAMILOIDOSE20210214-115.jpg,Amiloidosis
Amiloidosis/PSAMILOIDOSE20210214-116.jpg,Amiloidosis
Amiloidosis/PSAMILOIDOSE20210214-117.jpg,Amiloidosis
Amiloidosis/PSAMILOIDOSE20210214-118.jpg,Amiloidosis
Amiloidosis/PSAMILOIDOSE20210214-119.jpg,Amiloidosis
Amiloidosis/PSAMILOIDOSE20210214-120.jpg,Amiloidosis
Amiloidosis/PSAMILOIDOSE20210214-121.jpg,Amiloidosis
Amiloidosis/PSAMILOIDOSE20210214-122.jpg,Amiloidosis
Amiloidosis/PSAMILOIDOSE20210214-129.jpg,Amiloidosis
Amiloidosis/PSAMILOIDOSE20210214-130.jpg,Amiloidosis
Amiloidosis/PSAMILOIDOSE20210214-131.jpg,Amiloidosis
Amiloidosis/PSAMILOIDOSE20210214-132.jpg,Amiloidosis
Amiloidosis/PSAMILOIDOSE20210214-133.jpg,Amiloidosis
Amiloidosis/PSAMILOIDOSE20210214-134.jpg,Amiloidosis
Amiloidosis/PSAMILOIDOSE20210214-135.jpg,Amiloidosis
Amiloidosis/PSAMILOIDOSE20210214-136.jpg,Amiloidosis
Amiloidosis/PSAMILOIDOSE20210214-137.jpg,Amiloidosis
Amiloidosis/PSAMILOIDOSE20210214-138.jpg,Amiloidosis
Amiloidosis/PSAMILOIDOSE20210214-139.jpg,Amiloidosis
Amiloidosis/PSAMILOIDOSE20210214-146.jpg,Amiloidosis
Amiloidosis/PSAMILOIDOSE20210214-147.jpg,Amiloidosis
Amiloidosis/PSAMILOIDOSE20210214-154.jpg,Amiloidosis
Amiloidosis/PSAMILOIDOSE20210214-156.jpg,Amiloidosis
Amiloidosis/PSAMILOIDOSE20210214-157.jpg,Amiloidosis
Amiloidosis/PSAMILOIDOSE20210214-158.jpg,Amiloidosis
Amiloidosis/PSAMILOIDOSE20210214-159.jpg,Amiloidosis
Amiloidosis/PSAMILOIDOSE20210214-160.jpg,Amiloidosis
Amiloidosis/PSAMILOIDOSE20210214-161.jpg,Amiloidosis
Amiloidosis/PSAMILOIDOSE20210214-162.jpg,Amiloidosis
Amiloidosis/PSAMILOIDOSE20210214-163.jpg,Amiloidosis
Amiloidosis/PSAMILOIDOSE20210214-167.jpg,Amiloidosis
Amiloidosis/PSAMILOIDOSE20210214-168.jpg,Amiloidosis
Amiloidosis/PSAMILOIDOSE20210214-169.jpg,Amiloidosis
Amiloidosis/PSAMILOIDOSE20210214-170.jpg,Amiloidosis
Amiloidosis/PSAMILOIDOSE20210214-171.jpg,Amiloidosis
Amiloidosis/PSAMILOIDOSE20210214-172.jpg,Amiloidosis
Amiloidosis/PSAMILOIDOSE20210214-173.jpg,Amiloidosis
Amiloidosis/PSAMILOIDOSE20210214-174.jpg,Amiloidosis
Amiloidosis/PSAMILOIDOSE20210214-181.jpg,Amiloidosis
Amiloidosis/PSAMILOIDOSE20210214-182.jpg,Amiloidosis
Amiloidosis/PSAMILOIDOSE20210214-183.jpg,Amiloidosis
Amiloidosis/PSAMILOIDOSE20210214-184.jpg,Amiloidosis
Amiloidosis/PSAMILOIDOSE20210214-185.jpg,Amiloidosis
Amiloidosis/PSAMILOIDOSE20210214-186.jpg,Amiloidosis
Amiloidosis/PSAMILOIDOSE20210214-187.jpg,Amiloidosis
Amiloidosis/PSAMILOIDOSE20210214-188.jpg,Amiloidosis
Amiloidosis/PSAMILOIDOSE20210214-189.jpg,Amiloidosis
Amiloidosis/PSAMILOIDOSE20210214-190.jpg,Amiloidosis
Amiloidosis/PSAMILOIDOSE20210214-191.jpg,Amiloidosis
Amiloidosis/PSAMILOIDOSE20210214-192.jpg,Amiloidosis
Amiloidosis/PSAMILOIDOSE20210214-193.jpg,Amiloidosis
Amiloidosis/PSAMILOIDOSE20210214-194.jpg,Amiloidosis
Amiloidosis/PSAMILOIDOSE20210214-195.jpg,Amiloidosis
Amiloidosis/PSAMILOIDOSE20210214-196.jpg,Amiloidosis
Amiloidosis/PSAMILOIDOSE20210214-197.jpg,Amiloidosis
Amiloidosis/PSAMILOIDOSE20210214-198.jpg,Amiloidosis
Amiloidosis/PSAMILOIDOSE20210214-204.jpg,Amiloidosis
Amiloidosis/PSAMILOIDOSE20210214-205.jpg,Amiloidosis
Amiloidosis/PSAMILOIDOSE20210214-206.jpg,Amiloidosis
Amiloidosis/PSAMILOIDOSE20210214-207.jpg,Amiloidosis
Amiloidosis/PSAMILOIDOSE20210214-208.jpg,Amiloidosis
Amiloidosis/PSAMILOIDOSE20210214-209.jpg,Amiloidosis
Amiloidosis/PSAMILOIDOSE20210214-210.jpg,Amiloidosis
Amiloidosis/PSAMILOIDOSE20210214-214.jpg,Amiloidosis
Amiloidosis/PSAMILOIDOSE20210214-215.jpg,Amiloidosis
Amiloidosis/PSAMILOIDOSE20210214-216.jpg,Amiloidosis
Amiloidosis/PSAMILOIDOSE20210214-223.jpg,Amiloidosis
Amiloidosis/PSAMILOIDOSE20210214-224.jpg,Amiloidosis
Amiloidosis/PSAMILOIDOSE20210214-225.jpg,Amiloidosis
Amiloidosis/PSAMILOIDOSE20210214-226.jpg,Amiloidosis
Amiloidosis/PSAMILOIDOSE20210214-227.jpg,Amiloidosis
Amiloidosis/PSAMILOIDOSE20210214-228.jpg,Amiloidosis
Amiloidosis/PSAMILOIDOSE20210214-229.jpg,Amiloidosis
Amiloidosis/PSAMILOIDOSE20210214-230.jpg,Amiloidosis
Amiloidosis/PSAMILOIDOSE20210214-231.jpg,Amiloidosis
Amiloidosis/PSAMILOIDOSE20210214-232.jpg,Amiloidosis
Amiloidosis/PSAMILOIDOSE20210214-233.jpg,Amiloidosis
Amiloidosis/PSAMILOIDOSE20210214-234.jpg,Amiloidosis
Amiloidosis/PSAMILOIDOSE20210214-235.jpg,Amiloidosis
Amiloidosis/PSAMILOIDOSE20210214-236.jpg,Amiloidosis
Amiloidosis/PSAMILOIDOSE20210214-237.jpg,Amiloidosis
Amiloidosis/PSAMILOIDOSE20210214-238.jpg,Amiloidosis
Amiloidosis/PSAMILOIDOSE20210214-239.jpg,Amiloidosis
Amiloidosis/PSAMILOIDOSE20210214-240.jpg,Amiloidosis
Amiloidosis/PSAMILOIDOSE20210214-241.jpg,Amiloidosis
Amiloidosis/PSAMILOIDOSE20210214-249.jpg,Amiloidosis
Amiloidosis/PSAMILOIDOSE20210214-250.jpg,Amiloidosis
Amiloidosis/PSAMILOIDOSE20210214-251.jpg,Amiloidosis
Amiloidosis/PSAMILOIDOSE20210214-252.jpg,Amiloidosis
Amiloidosis/PSAMILOIDOSE20210214-253.jpg,Amiloidosis
Amiloidosis/PSAMILOIDOSE20210214-254.jpg,Amiloidosis
Amiloidosis/PSAMILOIDOSE20210214-259.jpg,Amiloidosis
Amiloidosis/PSAMILOIDOSE20210214-260.jpg,Amiloidosis
Amiloidosis/PSAMILOIDOSE20210214-261.jpg,Amiloidosis
Amiloidosis/PSAMILOIDOSE20210214-262.jpg,Amiloidosis
Amiloidosis/PSAMILOIDOSE20210214-266.jpg,Amiloidosis
Amiloidosis/PSAMILOIDOSE20210214-267.jpg,Amiloidosis
Amiloidosis/PSAMILOIDOSE20210214-268.jpg,Amiloidosis
Amiloidosis/PSAMILOIDOSE20210214-269.jpg,Amiloidosis
Amiloidosis/PSAMILOIDOSE20210214-270.jpg,Amiloidosis
Amiloidosis/PSAMILOIDOSE20210214-271.jpg,Amiloidosis
Amiloidosis/PSAMILOIDOSE20210214-278.jpg,Amiloidosis
Amiloidosis/PSAMILOIDOSE20210214-279.jpg,Amiloidosis
Amiloidosis/PSAMILOIDOSE20210214-280.jpg,Amiloidosis
Amiloidosis/PSAMILOIDOSE20210214-281.jpg,Amiloidosis
Amiloidosis/PSAMILOIDOSE20210214-282.jpg,Amiloidosis
Amiloidosis/PSAMILOIDOSE20210214-283.jpg,Amiloidosis
Amiloidosis/PSAMILOIDOSE20210214-284.jpg,Amiloidosis
Amiloidosis/PSAMILOIDOSE20210214-285.jpg,Amiloidosis
Amiloidosis/PSAMILOIDOSE20210214-286.jpg,Amiloidosis
Amiloidosis/PSAMILOIDOSE20210214-287.jpg,Amiloidosis
Amiloidosis/PSAMILOIDOSE20210214-288.jpg,Amiloidosis
Amiloidosis/PSAMILOIDOSE20210214-289.jpg,Amiloidosis
Amiloidosis/PSAMILOIDOSE20210214-296.jpg,Amiloidosis
Amiloidosis/PSAMILOIDOSE20210214-297.jpg,Amiloidosis
Amiloidosis/PSAMILOIDOSE20210214-298.jpg,Amiloidosis
Amiloidosis/PSAMILOIDOSE20210214-299.jpg,Amiloidosis
Amiloidosis/PSAMILOIDOSE20210214-300.jpg,Amiloidosis
Amiloidosis/PSAMILOIDOSE20210214-301.jpg,Amiloidosis
Amiloidosis/PSAMILOIDOSE20210214-302.jpg,Amiloidosis
Amiloidosis/PSAMILOIDOSE20210214-303.jpg,Amiloidosis
Amiloidosis/PSAMILOIDOSE20210214-304.jpg,Amiloidosis
Amiloidosis/PSAMILOIDOSE20210214-305.jpg,Amiloidosis
Amiloidosis/PSAMILOIDOSE20210214-306.jpg,Amiloidosis
Amiloidosis/PSAMILOIDOSE20210214-307.jpg,Amiloidosis
Amiloidosis/PSAMILOIDOSE20210214-314.jpg,Amiloidosis
Amiloidosis/PSAMILOIDOSE20210214-315.jpg,Amiloidosis
Amiloidosis/PSAMILOIDOSE20210214-316.jpg,Amiloidosis
Amiloidosis/PSAMILOIDOSE20210214-317.jpg,Amiloidosis
Amiloidosis/PSAMILOIDOSE20210214-318.jpg,Amiloidosis
Amiloidosis/PSAMILOIDOSE20210214-319.jpg,Amiloidosis
Amiloidosis/PSAMILOIDOSE20210214-320.jpg,Amiloidosis
Amiloidosis/PSAMILOIDOSE20210214-321.jpg,Amiloidosis
Amiloidosis/PSAMILOIDOSE20210214-322.jpg,Amiloidosis
Amiloidosis/PSAMILOIDOSE20210214-325.jpg,Amiloidosis
Amiloidosis/PSAMILOIDOSE20210214-326.jpg,Amiloidosis
Amiloidosis/PSAMILOIDOSE20210214-327.jpg,Amiloidosis
Amiloidosis/PSAMILOIDOSE20210214-328.jpg,Amiloidosis
Amiloidosis/PSAMILOIDOSE20210214-329.jpg,Amiloidosis
Amiloidosis/PSAMILOIDOSE20210214-330.jpg,Amiloidosis
Amiloidosis/PSAMILOIDOSE20210214-331.jpg,Amiloidosis
Amiloidosis/PSAMILOIDOSE20210214-335.jpg,Amiloidosis
Amiloidosis/PSAMILOIDOSE20210214-336.jpg,Amiloidosis
Amiloidosis/PSAMILOIDOSE20210214-337.jpg,Amiloidosis
Amiloidosis/PSAMILOIDOSE20210214-338.jpg,Amiloidosis
Amiloidosis/PSAMILOIDOSE20210214-345.jpg,Amiloidosis
Amiloidosis/PSAMILOIDOSE20210214-346.jpg,Amiloidosis
Amiloidosis/PSAMILOIDOSE20210214-347.jpg,Amiloidosis
Amiloidosis/PSAMILOIDOSE20210214-354.jpg,Amiloidosis
Amiloidosis/PSAMILOIDOSE20210214-355.jpg,Amiloidosis
Amiloidosis/PSAMILOIDOSE20210214-356.jpg,Amiloidosis
Amiloidosis/PSAMILOIDOSE20210214-357.jpg,Amiloidosis
Amiloidosis/PSAMILOIDOSE20210214-358.jpg,Amiloidosis
Amiloidosis/PSAMILOIDOSE20210214-359.jpg,Amiloidosis
Amiloidosis/PSAMILOIDOSE20210214-360.jpg,Amiloidosis
Amiloidosis/PSAMILOIDOSE20210214-361.jpg,Amiloidosis
Amiloidosis/PSAMILOIDOSE20210214-362.jpg,Amiloidosis
Amiloidosis/PSAMILOIDOSE20210214-363.jpg,Amiloidosis
Amiloidosis/PSAMILOIDOSE20210214-364.jpg,Amiloidosis
Amiloidosis/PSAMILOIDOSE20210214-365.jpg,Amiloidosis
Amiloidosis/PSAMILOIDOSE20210214-372.jpg,Amiloidosis
Amiloidosis/PSAMILOIDOSE20210214-373.jpg,Amiloidosis
Amiloidosis/PSAMILOIDOSE20210214-374.jpg,Amiloidosis
Amiloidosis/PSAMILOIDOSE20210214-375.jpg,Amiloidosis
Amiloidosis/PSAMILOIDOSE20210214-376.jpg,Amiloidosis
Amiloidosis/PSAMILOIDOSE20210214-377.jpg,Amiloidosis
Amiloidosis/PSAMILOIDOSE20210214-378.jpg,Amiloidosis
Amiloidosis/PSAMILOIDOSE20210214-379.jpg,Amiloidosis
Amiloidosis/PSAMILOIDOSE20210214-380.jpg,Amiloidosis
Amiloidosis/PSAMILOIDOSE20210214-381.jpg,Amiloidosis
Amiloidosis/PSAMILOIDOSE20210214-382.jpg,Amiloidosis
Amiloidosis/PSAMILOIDOSE20210214-383.jpg,Amiloidosis
Amiloidosis/PSAMILOIDOSE20210214-384.jpg,Amiloidosis
Amiloidosis/PSAMILOIDOSE20210214-385.jpg,Amiloidosis
Amiloidosis/PSAMILOIDOSE20210214-386.jpg,Amiloidosis
Amiloidosis/PSAMILOIDOSE20210214-387.jpg,Amiloidosis
Amiloidosis/PSAMILOIDOSE20210214-388.jpg,Amiloidosis
Amiloidosis/PSAMILOIDOSE20210214-389.jpg,Amiloidosis
Amiloidosis/PSAMILOIDOSE20210214-390.jpg,Amiloidosis
Amiloidosis/PSAMILOIDOSE20210214-393.jpg,Amiloidosis
Amiloidosis/PSAMILOIDOSE20210214-394.jpg,Amiloidosis
Amiloidosis/PSAMILOIDOSE20210214-395.jpg,Amiloidosis
Amiloidosis/PSAMILOIDOSE20210214-396.jpg,Amiloidosis
Amiloidosis/PSAMILOIDOSE20210214-397.jpg,Amiloidosis
Amiloidosis/PSAMILOIDOSE20210214-400.jpg,Amiloidosis
Amiloidosis/PSAMILOIDOSE20210214-401.jpg,Amiloidosis
Amiloidosis/PSAMILOIDOSE20210214-402.jpg,Amiloidosis
Amiloidosis/PSAMILOIDOSE20210214-403.jpg,Amiloidosis
Amiloidosis/PSAMILOIDOSE20210214-412.jpg,Amiloidosis
Amiloidosis/PSAMILOIDOSE20210214-413.jpg,Amiloidosis
Amiloidosis/PSAMILOIDOSE20210214-414.jpg,Amiloidosis
Amiloidosis/PSAMILOIDOSE20210214-415.jpg,Amiloidosis
Amiloidosis/PSAMILOIDOSE20210214-416.jpg,Amiloidosis
Amiloidosis/PSAMILOIDOSE20210214-417.jpg,Amiloidosis
Amiloidosis/PSAMILOIDOSE20210214-418.jpg,Amiloidosis
Amiloidosis/PSAMILOIDOSE20210214-419.jpg,Amiloidosis
Amiloidosis/PSAMILOIDOSE20210214-420.jpg,Amiloidosis
Amiloidosis/PSAMILOIDOSE20210214-421.jpg,Amiloidosis
Amiloidosis/PSAMILOIDOSE20210214-423.jpg,Amiloidosis
Amiloidosis/PSAMILOIDOSE20210214-424.jpg,Amiloidosis
Amiloidosis/PSAMILOIDOSE20210214-425.jpg,Amiloidosis
Amiloidosis/PSAMILOIDOSE20210214-426.jpg,Amiloidosis
Amiloidosis/PSAMILOIDOSE20210214-427.jpg,Amiloidosis
Amiloidosis/PSAMILOIDOSE20210214-428.jpg,Amiloidosis
Amiloidosis/PSAMILOIDOSE20210214-429.jpg,Amiloidosis
Amiloidosis/PSAMILOIDOSE20210214-433.jpg,Amiloidosis
Amiloidosis/PSAMILOIDOSE20210214-434.jpg,Amiloidosis
Amiloidosis/PSAMILOIDOSE20210214-435.jpg,Amiloidosis
Amiloidosis/PSAMILOIDOSE20210214-436.jpg,Amiloidosis
Amiloidosis/PSAMILOIDOSE20210214-437.jpg,Amiloidosis
Amiloidosis/PSAMILOIDOSE20210214-438.jpg,Amiloidosis
Amiloidosis/PSAMILOIDOSE20210214-439.jpg,Amiloidosis
Amiloidosis/PSAMILOIDOSE20210214-440.jpg,Amiloidosis
Amiloidosis/PSAMILOIDOSE20210214-441.jpg,Amiloidosis
Amiloidosis/PSAMILOIDOSE20210214-442.jpg,Amiloidosis
Amiloidosis/PSAMILOIDOSE20210214-443.jpg,Amiloidosis
Amiloidosis/PSAMILOIDOSE20210214-444.jpg,Amiloidosis
Amiloidosis/PSAMILOIDOSE20210214-445.jpg,Amiloidosis
Amiloidosis/PSAMILOIDOSE20210214-446.jpg,Amiloidosis
Amiloidosis/PSAMILOIDOSE20210214-447.jpg,Amiloidosis
Amiloidosis/PSAMILOIDOSE20210214-448.jpg,Amiloidosis
Amiloidosis/PSAMILOIDOSE20210214-457.jpg,Amiloidosis
Amiloidosis/PSAMILOIDOSE20210214-458.jpg,Amiloidosis
Amiloidosis/PSAMILOIDOSE20210214-459.jpg,Amiloidosis
Amiloidosis/PSAMILOIDOSE20210214-461.jpg,Amiloidosis
Amiloidosis/PSAMILOIDOSE20210214-462.jpg,Amiloidosis
Amiloidosis/PSAMILOIDOSE20210214-463.jpg,Amiloidosis
Amiloidosis/PSAMILOIDOSE20210214-464.jpg,Amiloidosis
Amiloidosis/PSAMILOIDOSE20210214-465.jpg,Amiloidosis
Amiloidosis/PSAMILOIDOSE20210214-466.jpg,Amiloidosis
Amiloidosis/PSAMILOIDOSE20210214-468.jpg,Amiloidosis
Amiloidosis/PSAMILOIDOSE20210214-469.jpg,Amiloidosis
Amiloidosis/PSAMILOIDOSE20210214-470.jpg,Amiloidosis
Amiloidosis/PSAMILOIDOSE20210214-471.jpg,Amiloidosis
Amiloidosis/PSAMILOIDOSE20210214-472.jpg,Amiloidosis
Amiloidosis/PSAMILOIDOSE20210214-473.jpg,Amiloidosis
Amiloidosis/PSAMILOIDOSE20210214-474.jpg,Amiloidosis
Amiloidosis/PSAMILOIDOSE20210214-475.jpg,Amiloidosis
Amiloidosis/PSAMILOIDOSE20210214-476.jpg,Amiloidosis
Amiloidosis/PSAMILOIDOSE20210214-477.jpg,Amiloidosis
Amiloidosis/PSAMILOIDOSE20210214-478.jpg,Amiloidosis
Amiloidosis/PSAMILOIDOSE20210214-479.jpg,Amiloidosis
Amiloidosis/PSAMILOIDOSE20210214-481.jpg,Amiloidosis
Amiloidosis/PSAMILOIDOSE20210214-482.jpg,Amiloidosis
Amiloidosis/PSAMILOIDOSE20210214-483.jpg,Amiloidosis
Amiloidosis/PSAMILOIDOSE20210214-484.jpg,Amiloidosis
Amiloidosis/PSAMILOIDOSE20210214-491.jpg,Amiloidosis
Amiloidosis/PSAMILOIDOSE20210214-493.jpg,Amiloidosis
Amiloidosis/PSAMILOIDOSE20210214-494.jpg,Amiloidosis
Amiloidosis/PSAMILOIDOSE20210214-495.jpg,Amiloidosis
Amiloidosis/PSAMILOIDOSE20210214-496.jpg,Amiloidosis
Amiloidosis/PSAMILOIDOSE20210214-497.jpg,Amiloidosis
Amiloidosis/PSAMILOIDOSE20210214-498.jpg,Amiloidosis
Amiloidosis/PSAMILOIDOSE20210214-507.jpg,Amiloidosis
Amiloidosis/PSAMILOIDOSE20210214-508.jpg,Amiloidosis
Amiloidosis/PSAMILOIDOSE20210214-509.jpg,Amiloidosis
Amiloidosis/PSAMILOIDOSE20210214-510.jpg,Amiloidosis
Amiloidosis/PSAMILOIDOSE20210214-511.jpg,Amiloidosis
Amiloidosis/PSAMILOIDOSE20210214-512.jpg,Amiloidosis
Amiloidosis/PSAMILOIDOSE20210214-513.jpg,Amiloidosis
Amiloidosis/PSAMILOIDOSE20210214-514.jpg,Amiloidosis
Amiloidosis/PSAMILOIDOSE20210214-515.jpg,Amiloidosis
Amiloidosis/PSAMILOIDOSE20210214-516.jpg,Amiloidosis
Amiloidosis/PSAMILOIDOSE20210214-517.jpg,Amiloidosis
Amiloidosis/PSAMILOIDOSE20210214-518.jpg,Amiloidosis
Amiloidosis/PSAMILOIDOSE20210214-519.jpg,Amiloidosis
Amiloidosis/PSAMILOIDOSE20210214-520.jpg,Amiloidosis
Amiloidosis/PSAMILOIDOSE20210214-521.jpg,Amiloidosis
Amiloidosis/PSAMILOIDOSE20210214-522.jpg,Amiloidosis
Amiloidosis/PSAMILOIDOSE20210214-523.jpg,Amiloidosis
Amiloidosis/PSAMILOIDOSE20210214-524.jpg,Amiloidosis
Amiloidosis/PSAMILOIDOSE20210214-525.jpg,Amiloidosis
Amiloidosis/PSAMILOIDOSE20210214-526.jpg,Amiloidosis
Amiloidosis/PSAMILOIDOSE20210214-529.jpg,Amiloidosis
Amiloidosis/PSAMILOIDOSE20210214-530.jpg,Amiloidosis
Amiloidosis/PSAMILOIDOSE20210214-531.jpg,Amiloidosis
Amiloidosis/PSAMILOIDOSE20210214-532.jpg,Amiloidosis
Amiloidosis/PSAMILOIDOSE20210214-533.jpg,Amiloidosis
Amiloidosis/PSAMILOIDOSE20210214-534.jpg,Amiloidosis
Amiloidosis/PSAMILOIDOSE20210214-535.jpg,Amiloidosis
Amiloidosis/PSAMILOIDOSE20210214-536.jpg,Amiloidosis
Amiloidosis/PSAMILOIDOSE20210214-537.jpg,Amiloidosis
Amiloidosis/PSAMILOIDOSE20210214-538.jpg,Amiloidosis
Amiloidosis/PSAMILOIDOSE20210214-541.jpg,Amiloidosis
Amiloidosis/PSAMILOIDOSE20210214-542.jpg,Amiloidosis
Amiloidosis/PSAMILOIDOSE20210214-543.jpg,Amiloidosis
Amiloidosis/PSAMILOIDOSE20210214-544.jpg,Amiloidosis
Amiloidosis/PSAMILOIDOSE20210214-545.jpg,Amiloidosis
Amiloidosis/PSAMILOIDOSE20210214-546.jpg,Amiloidosis
Amiloidosis/PSAMILOIDOSE20210214-547.jpg,Amiloidosis
Amiloidosis/PSAMILOIDOSE20210214-548.jpg,Amiloidosis
Amiloidosis/PSAMILOIDOSE20210214-549.jpg,Amiloidosis
Amiloidosis/PSAMILOIDOSE20210214-550.jpg,Amiloidosis
Amiloidosis/PSAMILOIDOSE20210214-551.jpg,Amiloidosis
Amiloidosis/PSAMILOIDOSE20210214-552.jpg,Amiloidosis
Amiloidosis/PSAMILOIDOSE20210214-553.jpg,Amiloidosis
Amiloidosis/PSAMILOIDOSE20210214-554.jpg,Amiloidosis
Amiloidosis/PSAMILOIDOSE20210214-555.jpg,Amiloidosis
Amiloidosis/PSAMILOIDOSE20210214-556.jpg,Amiloidosis
Amiloidosis/PSAMILOIDOSE20210214-562.jpg,Amiloidosis
Amiloidosis/PSAMILOIDOSE20210214-563.jpg,Amiloidosis
Amiloidosis/PSAMILOIDOSE20210214-564.jpg,Amiloidosis
Amiloidosis/PSAMILOIDOSE20210214-565.jpg,Amiloidosis
Amiloidosis/PSAMILOIDOSE20210214-567.jpg,Amiloidosis
Amiloidosis/PSAMILOIDOSE20210214-573.jpg,Amiloidosis
Amiloidosis/PSAMILOIDOSE20210214-574.jpg,Amiloidosis
Amiloidosis/PSAMILOIDOSE20210214-575.jpg,Amiloidosis
Amiloidosis/PSAMILOIDOSE20210214-576.jpg,Amiloidosis
Amiloidosis/PSAMILOIDOSE20210214-577.jpg,Amiloidosis
Amiloidosis/PSAMILOIDOSE20210214-578.jpg,Amiloidosis
Amiloidosis/PSAMILOIDOSE20210214-579.jpg,Amiloidosis
Amiloidosis/PSAMILOIDOSE20210214-580.jpg,Amiloidosis
Amiloidosis/PSAMILOIDOSE20210214-581.jpg,Amiloidosis
Amiloidosis/PSAMILOIDOSE20210214-582.jpg,Amiloidosis
Amiloidosis/PSAMILOIDOSE20210214-583.jpg,Amiloidosis
Amiloidosis/PSAMILOIDOSE20210214-584.jpg,Amiloidosis
Amiloidosis/PSAMILOIDOSE20210214-585.jpg,Amiloidosis
Amiloidosis/PSAMILOIDOSE20210214-586.jpg,Amiloidosis
Amiloidosis/PSAMILOIDOSE20210214-587.jpg,Amiloidosis
Amiloidosis/PSAMILOIDOSE20210214-594.jpg,Amiloidosis
Amiloidosis/PSAMILOIDOSE20210214-595.jpg,Amiloidosis
Amiloidosis/PSAMILOIDOSE20210214-596.jpg,Amiloidosis
Amiloidosis/PSAMILOIDOSE20210214-597.jpg,Amiloidosis
Amiloidosis/PSAMILOIDOSE20210214-598.jpg,Amiloidosis
Amiloidosis/PSAMILOIDOSE20210214-599.jpg,Amiloidosis
Amiloidosis/PSAMILOIDOSE20210214-600.jpg,Amiloidosis
Amiloidosis/PSAMILOIDOSE20210214-601.jpg,Amiloidosis
Amiloidosis/PSAMILOIDOSE20210214-602.jpg,Amiloidosis
Amiloidosis/PSAMILOIDOSE20210214-603.jpg,Amiloidosis
Amiloidosis/PSAMILOIDOSE20210214-604.jpg,Amiloidosis
Amiloidosis/PSAMILOIDOSE20210214-605.jpg,Amiloidosis
Amiloidosis/PSAMILOIDOSE20210214-606.jpg,Amiloidosis
Amiloidosis/PSAMILOIDOSE20210214-607.jpg,Amiloidosis
Amiloidosis/PSAMILOIDOSE20210214-609.jpg,Amiloidosis
Amiloidosis/PSAMILOIDOSE20210214-610.jpg,Amiloidosis
Amiloidosis/PSAMILOIDOSE20210214-611.jpg,Amiloidosis
Amiloidosis/PSAMILOIDOSE20210214-612.jpg,Amiloidosis
Amiloidosis/PSAMILOIDOSE20210214-616.jpg,Amiloidosis
Amiloidosis/PSAMILOIDOSE20210214-617.jpg,Amiloidosis
Amiloidosis/PSAMILOIDOSE20210214-618.jpg,Amiloidosis
Amiloidosis/PSAMILOIDOSE20210214-619.jpg,Amiloidosis
Amiloidosis/PSAMILOIDOSE20210214-620.jpg,Amiloidosis
Amiloidosis/PSAMILOIDOSE20210214-621.jpg,Amiloidosis
Amiloidosis/PSAMILOIDOSE20210214-622.jpg,Amiloidosis
Amiloidosis/PSAMILOIDOSE20210214-623.jpg,Amiloidosis
Amiloidosis/PSAMILOIDOSE20210214-624.jpg,Amiloidosis
Amiloidosis/PSAMILOIDOSE20210214-631.jpg,Amiloidosis
Amiloidosis/PSAMILOIDOSE20210214-632.jpg,Amiloidosis
Amiloidosis/PSAMILOIDOSE20210214-633.jpg,Amiloidosis
Amiloidosis/PSAMILOIDOSE20210214-634.jpg,Amiloidosis
Amiloidosis/PSAMILOIDOSE20210214-635.jpg,Amiloidosis
Amiloidosis/PSAMILOIDOSE20210214-636.jpg,Amiloidosis
Amiloidosis/PSAMILOIDOSE20210214-637.jpg,Amiloidosis
Amiloidosis/PSAMILOIDOSE20210214-638.jpg,Amiloidosis
Amiloidosis/PSAMILOIDOSE20210214-640.jpg,Amiloidosis
Amiloidosis/PSAMILOIDOSE20210214-647.jpg,Amiloidosis
Amiloidosis/PSAMILOIDOSE20210214-648.jpg,Amiloidosis
Amiloidosis/PSAMILOIDOSE20210214-649.jpg,Amiloidosis
Amiloidosis/PSAMILOIDOSE20210214-650.jpg,Amiloidosis
Amiloidosis/PSAMILOIDOSE20210214-651.jpg,Amiloidosis
Amiloidosis/PSAMILOIDOSE20210214-652.jpg,Amiloidosis
Amiloidosis/PSAMILOIDOSE20210214-653.jpg,Amiloidosis
Amiloidosis/PSAMILOIDOSE20210214-654.jpg,Amiloidosis
Amiloidosis/PSAMILOIDOSE20210214-655.jpg,Amiloidosis
Amiloidosis/PSAMILOIDOSE20210214-658.jpg,Amiloidosis
Amiloidosis/PSAMILOIDOSE20210214-659.jpg,Amiloidosis
Amiloidosis/PSAMILOIDOSE20210214-660.jpg,Amiloidosis
Amiloidosis/PSAMILOIDOSE20210214-661.jpg,Amiloidosis
Amiloidosis/PSAMILOIDOSE20210214-662.jpg,Amiloidosis
Amiloidosis/PSAMILOIDOSE20210214-663.jpg,Amiloidosis
Amiloidosis/PSAMILOIDOSE20210214-664.jpg,Amiloidosis
Amiloidosis/PSAMILOIDOSE20210214-665.jpg,Amiloidosis
Amiloidosis/PSAMILOIDOSE20210214-666.jpg,Amiloidosis
Amiloidosis/PSAMILOIDOSE20210214-667.jpg,Amiloidosis
Amiloidosis/PSAMILOIDOSE20210214-673.jpg,Amiloidosis
Amiloidosis/PSAMILOIDOSE20210214-674.jpg,Amiloidosis
Amiloidosis/PSAMILOIDOSE20210214-677.jpg,Amiloidosis
Amiloidosis/PSAMILOIDOSE20210214-678.jpg,Amiloidosis
Amiloidosis/PSAMILOIDOSE20210214-685.jpg,Amiloidosis
Amiloidosis/PSAMILOIDOSE20210214-686.jpg,Amiloidosis
Amiloidosis/PSAMILOIDOSE20210214-687.jpg,Amiloidosis
Amiloidosis/PSAMILOIDOSE20210214-688.jpg,Amiloidosis
Amiloidosis/PSAMILOIDOSE20210214-691.jpg,Amiloidosis
Amiloidosis/PSAMILOIDOSE20210214-692.jpg,Amiloidosis
Amiloidosis/PSAMILOIDOSE20210214-693.jpg,Amiloidosis
Amiloidosis/PSAMILOIDOSE20210214-694.jpg,Amiloidosis
Amiloidosis/PSAMILOIDOSE20210214-695.jpg,Amiloidosis
Amiloidosis/PSAMILOIDOSE20210214-696.jpg,Amiloidosis
Amiloidosis/PSAMILOIDOSE20210214-697.jpg,Amiloidosis
Amiloidosis/PSAMILOIDOSE20210214-698.jpg,Amiloidosis
Amiloidosis/PSAMILOIDOSE20210214-699.jpg,Amiloidosis
Amiloidosis/PSAMILOIDOSE20210214-700.jpg,Amiloidosis
Amiloidosis/PSAMILOIDOSE20210214-701.jpg,Amiloidosis
Amiloidosis/PSAMILOIDOSE20210214-702.jpg,Amiloidosis
Amiloidosis/PSAMILOIDOSE20210214-703.jpg,Amiloidosis
Amiloidosis/PSAMILOIDOSE20210214-705.jpg,Amiloidosis
Amiloidosis/PSAMILOIDOSE20210214-706.jpg,Amiloidosis
Amiloidosis/PSAMILOIDOSE20210214-707.jpg,Amiloidosis
Amiloidosis/PSAMILOIDOSE20210214-708.jpg,Amiloidosis
Amiloidosis/PSAMILOIDOSE20210214-709.jpg,Amiloidosis
Amiloidosis/PSAMILOIDOSE20210214-710.jpg,Amiloidosis
Amiloidosis/PSAMILOIDOSE20210214-711.jpg,Amiloidosis
Amiloidosis/PSAMILOIDOSE20210214-712.jpg,Amiloidosis
Amiloidosis/PSAMILOIDOSE20210214-713.jpg,Amiloidosis
Amiloidosis/PSAMILOIDOSE20210214-714.jpg,Amiloidosis
Amiloidosis/PSAMILOIDOSE20210214-715.jpg,Amiloidosis
Amiloidosis/PSAMILOIDOSE20210214-716.jpg,Amiloidosis
Amiloidosis/PSAMILOIDOSE20210214-717.jpg,Amiloidosis
Amiloidosis/PSAMILOIDOSE20210214-718.jpg,Amiloidosis
Amiloidosis/PSAMILOIDOSE20210214-719.jpg,Amiloidosis
Amiloidosis/PSAMILOIDOSE20210214-720.jpg,Amiloidosis
Amiloidosis/PSAMILOIDOSE20210214-721.jpg,Amiloidosis
Amiloidosis/PSAMILOIDOSE20210214-722.jpg,Amiloidosis
Amiloidosis/PSAMILOIDOSE20210214-723.jpg,Amiloidosis
Amiloidosis/PSAMILOIDOSE20210214-727.jpg,Amiloidosis
Amiloidosis/PSAMILOIDOSE20210214-728.jpg,Amiloidosis
Amiloidosis/PSAMILOIDOSE20210214-729.jpg,Amiloidosis
Amiloidosis/PSAMILOIDOSE20210214-730.jpg,Amiloidosis
Amiloidosis/PSAMILOIDOSE20210214-731.jpg,Amiloidosis
Amiloidosis/PSAMILOIDOSE20210214-732.jpg,Amiloidosis
Amiloidosis/PSAMILOIDOSE20210214-733.jpg,Amiloidosis
Amiloidosis/PSAMILOIDOSE20210214-734.jpg,Amiloidosis
Amiloidosis/PSAMILOIDOSE20210214-735.jpg,Amiloidosis
Amiloidosis/PSAMILOIDOSE20210214-736.jpg,Amiloidosis
Amiloidosis/PSAMILOIDOSE20210214-737.jpg,Amiloidosis
Amiloidosis/PSAMILOIDOSE20210214-738.jpg,Amiloidosis
Amiloidosis/PSAMILOIDOSE20210214-739.jpg,Amiloidosis
Amiloidosis/PSAMILOIDOSE20210214-741.jpg,Amiloidosis
Amiloidosis/PSAMILOIDOSE20210214-742.jpg,Amiloidosis
Amiloidosis/PSAMILOIDOSE20210214-743.jpg,Amiloidosis
Amiloidosis/PSAMILOIDOSE20210214-744.jpg,Amiloidosis
Amiloidosis/PSAMILOIDOSE20210214-747.jpg,Amiloidosis
Amiloidosis/PSAMILOIDOSE20210214-751.jpg,Amiloidosis
Amiloidosis/PSAMILOIDOSE20210214-752.jpg,Amiloidosis
Amiloidosis/PSAMILOIDOSE20210214-753.jpg,Amiloidosis
Amiloidosis/PSAMILOIDOSE20210214-754.jpg,Amiloidosis
Amiloidosis/PSAMILOIDOSE20210214-755.jpg,Amiloidosis
Amiloidosis/PSAMILOIDOSE20210214-756.jpg,Amiloidosis
Amiloidosis/PSAMILOIDOSE20210214-757.jpg,Amiloidosis
Amiloidosis/PSAMILOIDOSE20210214-763.jpg,Amiloidosis
Amiloidosis/PSAMILOIDOSE20210214-764.jpg,Amiloidosis
Amiloidosis/PSAMILOIDOSE20210214-765.jpg,Amiloidosis
Amiloidosis/PSAMILOIDOSE20210214-766.jpg,Amiloidosis
Amiloidosis/PSAMILOIDOSE20210214-767.jpg,Amiloidosis
Amiloidosis/PSAMILOIDOSE20210214-768.jpg,Amiloidosis
Amiloidosis/PSAMILOIDOSE20210214-769.jpg,Amiloidosis
Amiloidosis/PSAMILOIDOSE20210214-770.jpg,Amiloidosis
Amiloidosis/PSAMILOIDOSE20210214-771.jpg,Amiloidosis
Amiloidosis/PSAMILOIDOSE20210214-772.jpg,Amiloidosis
Amiloidosis/PSAMILOIDOSE20210214-773.jpg,Amiloidosis
Amiloidosis/PSAMILOIDOSE20210214-774.jpg,Amiloidosis
Amiloidosis/PSAMILOIDOSE20210214-775.jpg,Amiloidosis
Amiloidosis/PSAMILOIDOSE20210214-779.jpg,Amiloidosis
Amiloidosis/PSAMILOIDOSE20210214-780.jpg,Amiloidosis
Amiloidosis/PSAMILOIDOSE20210214-781.jpg,Amiloidosis
Amiloidosis/PSAMILOIDOSE20210214-782.jpg,Amiloidosis
Amiloidosis/PSAMILOIDOSE20210214-783.jpg,Amiloidosis
Amiloidosis/PSAMILOIDOSE20210214-784.jpg,Amiloidosis
Amiloidosis/PSAMILOIDOSE20210214-785.jpg,Amiloidosis
Amiloidosis/PSAMILOIDOSE20210214-789.jpg,Amiloidosis
Amiloidosis/PSAMILOIDOSE20210214-790.jpg,Amiloidosis
Amiloidosis/PSAMILOIDOSE20210214-791.jpg,Amiloidosis
Amiloidosis/PSAMILOIDOSE20210214-792.jpg,Amiloidosis
Normal/FIOCRUZ20190122 (77).jpg,Normal
Normal/FIOCRUZ20190122 (78).jpg,Normal
Normal/FIOCRUZ20190122 (79).jpg,Normal
Normal/FIOCRUZ20190122 (80).jpg,Normal
Normal/FIOCRUZ20190122 (81).jpg,Normal
Normal/FIOCRUZ20190122 (83).jpg,Normal
Normal/FIOCRUZ20190122 (84).jpg,Normal
Normal/FIOCRUZ20190122 (85).jpg,Normal
Normal/FIOCRUZ20190122 (86).jpg,Normal
Normal/FIOCRUZ20190122 (87).jpg,Normal
Normal/FIOCRUZ20190122 (112).jpg,Normal
Normal/FIOCRUZ20190122 (129).jpg,Normal
Normal/FIOCRUZ20190122 (311).jpg,Normal
Normal/FIOCRUZ20190122 (321).jpg,Normal
Normal/FIOCRUZ20190122 (322).jpg,Normal
Normal/FIOCRUZ20190122 (323).jpg,Normal
Normal/FIOCRUZ20190122 (512).jpg,Normal
Normal/FIOCRUZ20190122 (554).jpg,Normal
Normal/FIOCRUZ20190122 (570).jpg,Normal
Normal/FIOCRUZ20190122 (617).jpg,Normal
Normal/FIOCRUZ20190122 (618).jpg,Normal
Normal/FIOCRUZ20190122 (621).jpg,Normal
Normal/FIOCRUZ20190122 (732).jpg,Normal
Normal/FIOCRUZ20190122 (734).jpg,Normal
Normal/FIOCRUZ20190122 (1873).jpg,Normal
Normal/FIOCRUZ20190122 (1874).jpg,Normal
Normal/FIOCRUZ20190122 (1875).jpg,Normal
Normal/FIOCRUZ20190122 (1879).jpg,Normal
Normal/FIOCRUZ20190122 (1881).jpg,Normal
Normal/FIOCRUZ20190122 (1882).jpg,Normal
Normal/FIOCRUZ20190122 (1913).jpg,Normal
Normal/FIOCRUZ20190122 (1938).jpg,Normal
Normal/FIOCRUZ20190122 (1939).jpg,Normal
Normal/FIOCRUZ20190122 (1940).jpg,Normal
Normal/FIOCRUZ20190122 (1941).jpg,Normal
Normal/FIOCRUZ20190122 (1942).jpg,Normal
Normal/FIOCRUZ20190122 (2604).jpg,Normal
Normal/FIOCRUZ20190122 (2619).jpg,Normal
Normal/FIOCRUZ20190122 (2620).jpg,Normal
Normal/FIOCRUZ20190122 (2621).jpg,Normal
Normal/FIOCRUZ20190122 (2622).jpg,Normal
Normal/FIOCRUZ20190122 (2623).jpg,Normal
Normal/FIOCRUZ20190122 (2624).jpg,Normal
Normal/FIOCRUZ20190122 (2984).jpg,Normal
Normal/FIOCRUZ20190122 (2985).jpg,Normal
Normal/FIOCRUZ20190122 (3193).jpg,Normal
Normal/FIOCRUZ20190122 (3381).jpg,Normal
Normal/FIOCRUZ20190122 (3382).jpg,Normal
Normal/FIOCRUZ20190122 (3383).jpg,Normal
Normal/FIOCRUZ20190122 (3610).jpg,Normal
Normal/FIOCRUZ20190122 (3611).jpg,Normal
Normal/FIOCRUZ20190122 (3612).jpg,Normal
Normal/FIOCRUZ20190122 (3613).jpg,Normal
Normal/FIOCRUZ20190122 (3614).jpg,Normal
Normal/FIOCRUZ20190122 (3615).jpg,Normal
Normal/FIOCRUZ20190122 (3618).jpg,Normal
Normal/FIOCRUZ20190122 (3619).jpg,Normal
Normal/FIOCRUZ20190122 (3620).jpg,Normal
Normal/FIOCRUZ20190122 (3622).jpg,Normal
Normal/FIOCRUZ20190122 (3624).jpg,Normal
Normal/FIOCRUZ20190122 (3761).jpg,Normal
Normal/FIOCRUZ20190122 (3763).jpg,Normal
Normal/FIOCRUZ20190122 (3800).jpg,Normal
Normal/FIOCRUZ20190122 (3801).jpg,Normal
Normal/FIOCRUZ20190122 (3802).jpg,Normal
Normal/FIOCRUZ20190122 (4008).jpg,Normal
Normal/FIOCRUZ20190122 (4009).jpg,Normal
Normal/FIOCRUZ20190122 (4244).jpg,Normal
Normal/FIOCRUZ20190122 (4274).jpg,Normal
Normal/FIOCRUZ20190122 (4333).jpg,Normal
Normal/FIOCRUZ20190122 (4336).jpg,Normal
Normal/FIOCRUZ20190122 (4771).jpg,Normal
Normal/FIOCRUZ20190122 (4772).jpg,Normal
Normal/FIOCRUZ20190122 (4775).jpg,Normal
Normal/FIOCRUZ20190122 (4776).jpg,Normal
Normal/FIOCRUZ20190122 (5263).jpg,Normal
Normal/FIOCRUZ20190122 (5306).jpg,Normal
Normal/FIOCRUZ20190122 (5467).jpg,Normal
Normal/FIOCRUZ20190122 (5468).jpg,Normal
Normal/FIOCRUZ20190122 (5470).jpg,Normal
Normal/FIOCRUZ20190122 (5471).jpg,Normal
Normal/FIOCRUZ20190122 (5473).jpg,Normal
Normal/FIOCRUZ20190122 (5474).jpg,Normal
Normal/FIOCRUZ20190122 (5475).jpg,Normal
Normal/FIOCRUZ20190122 (5476).jpg,Normal
Normal/FIOCRUZ20190122 (5482).jpg,Normal
Normal/FIOCRUZ20190122 (5484).jpg,Normal
Normal/FIOCRUZ20190122 (5532).jpg,Normal
Normal/FIOCRUZ20190122 (5535).jpg,Normal
Normal/FIOCRUZ20190122 (5536).jpg,Normal
Normal/FIOCRUZ20190122 (5537).jpg,Normal
Normal/FIOCRUZ20190122 (5547).jpg,Normal
Normal/FIOCRUZ20190122 (5548).jpg,Normal
Normal/FIOCRUZ20190122 (5549).jpg,Normal
Normal/FIOCRUZ20190122 (7822).jpg,Normal
Normal/FIOCRUZ20190123-311.jpg,Normal
Normal/FIOCRUZ20190123-318.jpg,Normal
Normal/FIOCRUZ20190123-329.jpg,Normal
Normal/FIOCRUZ20190123-332.jpg,Normal
Normal/FIOCRUZ20190123-347.jpg,Normal
Normal/FIOCRUZ20190123-356.jpg,Normal
Normal/FIOCRUZ20190123-359.jpg,Normal
Normal/FIOCRUZ20190123-364.jpg,Normal
Normal/FIOCRUZ20190123-367.jpg,Normal
Normal/FIOCRUZ20190123-369.jpg,Normal
Normal/FIOCRUZ20190123-372.jpg,Normal
Normal/FIOCRUZ20190123-373.jpg,Normal
Normal/FIOCRUZ20190123-374.jpg,Normal
Normal/FIOCRUZ20190123-381.jpg,Normal
Normal/FIOCRUZ20190123-385.jpg,Normal
Normal/FIOCRUZ20190123-390.jpg,Normal
Normal/FIOCRUZ20190123-393.jpg,Normal
Normal/FIOCRUZ20190123-394.jpg,Normal
Normal/FIOCRUZ20190123-395.jpg,Normal
Normal/FIOCRUZ20190123-397.jpg,Normal
Normal/FIOCRUZ20190123-402.jpg,Normal
Normal/FIOCRUZ20190123-406.jpg,Normal
Normal/FIOCRUZ20190123-484.jpg,Normal
Normal/FIOCRUZ20190123-491.jpg,Normal
Normal/FIOCRUZ20190123-620.jpg,Normal
Normal/FIOCRUZ20190123-634.jpg,Normal
Normal/FIOCRUZ20190123-635.jpg,Normal
Normal/FIOCRUZ20190123-650.jpg,Normal
Normal/FIOCRUZ20190123-651.jpg,Normal
Normal/FIOCRUZ20190123-1423.jpg,Normal
Normal/FIOCRUZ20190123-1428.jpg,Normal
Normal/FIOCRUZ20190123-1436.jpg,Normal
Normal/FIOCRUZ20190123-1440.jpg,Normal
Normal/FIOCRUZ20190123-1442.jpg,Normal
Normal/FIOCRUZ20190123-1509.jpg,Normal
Normal/FIOCRUZ20190123-1622.jpg,Normal
Normal/FIOCRUZ20190123-1623.jpg,Normal
Normal/FIOCRUZ20190123-1630.jpg,Normal
Normal/FIOCRUZ20190123-1631.jpg,Normal
Normal/FIOCRUZ20190123-1632.jpg,Normal
Normal/FIOCRUZ20190123-1633.jpg,Normal
Normal/FIOCRUZ20190123-1634.jpg,Normal
Normal/FIOCRUZ20190123-1638.jpg,Normal
Normal/FIOCRUZ20190123-1642.jpg,Normal
Normal/FIOCRUZ20190123-1643.jpg,Normal
Normal/FIOCRUZ20190123-1645.jpg,Normal
Normal/FIOCRUZ20190123-1646.jpg,Normal
Normal/FIOCRUZ20190123-1696.jpg,Normal
Normal/FIOCRUZ20190123-1697.jpg,Normal
Normal/FIOCRUZ20190123-1701.jpg,Normal
Normal/FIOCRUZ20190123-1703.jpg,Normal
Normal/FIOCRUZ20190123-1718.jpg,Normal
Normal/FIOCRUZ20190123-1720.jpg,Normal
Normal/FIOCRUZ20190123-1752.jpg,Normal
Normal/FIOCRUZ20190123-1754.jpg,Normal
Normal/FIOCRUZ20190123-1755.jpg,Normal
Normal/FIOCRUZ20190123-1756.jpg,Normal
Normal/FIOCRUZ20190123-1762.jpg,Normal
Normal/FIOCRUZ20190123-1764.jpg,Normal
Normal/FIOCRUZ20190123-1765.jpg,Normal
Normal/FIOCRUZ20190123-1766.jpg,Normal
Normal/FIOCRUZ20190123-1767.jpg,Normal
Normal/FIOCRUZ20190123-1819.jpg,Normal
Normal/FIOCRUZ20190123-1895.jpg,Normal
Normal/FIOCRUZ20190123-1896.jpg,Normal
Normal/FIOCRUZ20190123-1900.jpg,Normal
Normal/FIOCRUZ20190123-1925.jpg,Normal
Normal/FIOCRUZ20190123-1927.jpg,Normal
Normal/FIOCRUZ20190123-1934.jpg,Normal
Normal/FIOCRUZ20190123-1935.jpg,Normal
Normal/FIOCRUZ20190123-1936.jpg,Normal
Normal/FIOCRUZ20190123-2541.jpg,Normal
Normal/FIOCRUZ20190123-2543.jpg,Normal
Normal/FIOCRUZ20190123-2547.jpg,Normal
Normal/FIOCRUZ20190123-2548.jpg,Normal
Normal/FIOCRUZ20190123-2627.jpg,Normal
Normal/FIOCRUZ20190123-2632.jpg,Normal
Normal/FIOCRUZ20190123-2633.jpg,Normal
Normal/FIOCRUZ20190123-2646.jpg,Normal
Normal/FIOCRUZ20190123-2903.jpg,Normal
Normal/FIOCRUZ20190123-3326.jpg,Normal
Normal/FIOCRUZ20190123-3328.jpg,Normal
Normal/FIOCRUZ20190123-3332.jpg,Normal
Normal/FIOCRUZ20190123-3359.jpg,Normal
Normal/FIOCRUZ20190123-3408.jpg,Normal
Normal/FIOCRUZ20190123-3411.jpg,Normal
Normal/FIOCRUZ20190123-3491.jpg,Normal
Normal/FIOCRUZ20190123-3492.jpg,Normal
Normal/FIOCRUZ20190123-3493.jpg,Normal
Normal/FIOCRUZ20190123-3502.jpg,Normal
Normal/FIOCRUZ20190123-3503.jpg,Normal
Normal/FIOCRUZ20190123-3505.jpg,Normal
Normal/FIOCRUZ20190123-3509.jpg,Normal
Normal/FIOCRUZ20190123-3510.jpg,Normal
Normal/FIOCRUZ20190123-3514.jpg,Normal
Normal/FIOCRUZ20190123-3718.jpg,Normal
Normal/FIOCRUZ20190123-4141.jpg,Normal
Normal/FIOCRUZ20190123-4142.jpg,Normal
Normal/FIOCRUZ20190123-4144.jpg,Normal
Normal/FIOCRUZ20190123-4147.jpg,Normal
Normal/FIOCRUZ20190123-4148.jpg,Normal
Normal/FIOCRUZ20190123-4149.jpg,Normal
Normal/FIOCRUZ20190123-4151.jpg,Normal
Normal/FIOCRUZ20190123-4153.jpg,Normal
Normal/FIOCRUZ20190123-4158.jpg,Normal
Normal/FIOCRUZ20190123-4213.jpg,Normal
Normal/FIOCRUZ20190123-4257.jpg,Normal
Normal/FIOCRUZ20190123-4826.jpg,Normal
Normal/FIOCRUZ20190123-4827.jpg,Normal
Normal/FIOCRUZ20190123-4875.jpg,Normal
Normal/FIOCRUZ20190123-4903.jpg,Normal
Normal/FIOCRUZ20190123-4914.jpg,Normal
Normal/FIOCRUZ20190123-4920.jpg,Normal
Normal/FIOCRUZ20190123-4927.jpg,Normal
Normal/FIOCRUZ20190123-4928.jpg,Normal
Normal/FIOCRUZ20190123-4953.jpg,Normal
Normal/FIOCRUZ20190123-4966.jpg,Normal
Normal/FIOCRUZ20190123-4967.jpg,Normal
Normal/FIOCRUZ20190123-4968.jpg,Normal
Normal/FIOCRUZ20190123-5196.jpg,Normal
Normal/FIOCRUZ20190123-5200.jpg,Normal
Normal/FIOCRUZ20190123-5202.jpg,Normal
Normal/FIOCRUZ20190123-5226.jpg,Normal
Normal/FIOCRUZ20190123-5230.jpg,Normal
Normal/FIOCRUZ20190123-5627.jpg,Normal
Normal/FIOCRUZ20190123-5628.jpg,Normal
Normal/FIOCRUZ20190123-5681.jpg,Normal
Normal/FIOCRUZ20190123-5741.jpg,Normal
Normal/FIOCRUZ20190123-5752.jpg,Normal
Normal/FIOCRUZ20190123-5753.jpg,Normal
Normal/FIOCRUZ20190123-5754.jpg,Normal
Normal/FIOCRUZ20190123-5756.jpg,Normal
Normal/FIOCRUZ20190123-5757.jpg,Normal
Normal/FIOCRUZ20190123-5771.jpg,Normal
Normal/FIOCRUZ20190123-5772.jpg,Normal
Normal/FIOCRUZ20190123-5836.jpg,Normal
Normal/FIOCRUZ20190123-5837.jpg,Normal
Normal/FIOCRUZ20190123-5838.jpg,Normal
Normal/FIOCRUZ20190123-5842.jpg,Normal
Normal/FIOCRUZ20190123-5843.jpg,Normal
Normal/FIOCRUZ20190123-5844.jpg,Normal
Normal/FIOCRUZ20190123-5845.jpg,Normal
Normal/FIOCRUZ20190123-5849.jpg,Normal
Normal/FIOCRUZ20190123-5873.jpg,Normal
Normal/FIOCRUZ20190123-5874.jpg,Normal
Normal/FIOCRUZ20190123-5875.jpg,Normal
Normal/FIOCRUZ20190123-5878.jpg,Normal
Normal/FIOCRUZ20190123-5879.jpg,Normal
Normal/FIOCRUZ20190123-5880.jpg,Normal
Normal/FIOCRUZ20190123-6135.jpg,Normal
Normal/FIOCRUZ20190123-6150.jpg,Normal
Normal/FIOCRUZ20190123-6158.jpg,Normal
Normal/FIOCRUZ20190123-6160.jpg,Normal
Normal/FIOCRUZ20190123-6674.jpg,Normal
Normal/FIOCRUZ20190123-6694.jpg,Normal
Normal/FIOCRUZ20190123-6698.jpg,Normal
Normal/FIOCRUZ20190123-6700.jpg,Normal
Normal/FIOCRUZ20190123-6704.jpg,Normal
Normal/FIOCRUZ20190123-6705.jpg,Normal
Normal/FIOCRUZ20190123-6707.jpg,Normal
Normal/FIOCRUZ20190123-6709.jpg,Normal
Normal/FIOCRUZ20190123-6712.jpg,Normal
Normal/FIOCRUZ20190123-6714.jpg,Normal
Normal/FIOCRUZ20190123-6741.jpg,Normal
Normal/FIOCRUZ20190123-6742.jpg,Normal
Normal/FIOCRUZ20190123-6744.jpg,Normal
Normal/FIOCRUZ20190123-6745.jpg,Normal
Normal/FIOCRUZ20190123-6747.jpg,Normal
Normal/FIOCRUZ20190123-6748.jpg,Normal
Normal/FIOCRUZ20190123-6749.jpg,Normal
Normal/FIOCRUZ20190123-6750.jpg,Normal
Normal/FIOCRUZ20190123-6751.jpg,Normal
Normal/FIOCRUZ20190123-6752.jpg,Normal
Normal/FIOCRUZ20190123-6753.jpg,Normal
Normal/FIOCRUZ20190123-6754.jpg,Normal
Normal/FIOCRUZ20190123-6756.jpg,Normal
Normal/FIOCRUZ20190123-6757.jpg,Normal
Normal/FIOCRUZ20190123-6758.jpg,Normal
Normal/FIOCRUZ20190123-6759.jpg,Normal
Normal/FIOCRUZ20190123-6788.jpg,Normal
Normal/FIOCRUZ20190123-6915.jpg,Normal
Normal/FIOCRUZ20190123-6916.jpg,Normal
Normal/FIOCRUZ20190123-6917.jpg,Normal
Normal/FIOCRUZ20190123-6919.jpg,Normal
Normal/FIOCRUZ20190123-6933.jpg,Normal
Normal/FIOCRUZ20190123-6937.jpg,Normal
Normal/FIOCRUZ20190123-6939.jpg,Normal
Normal/FIOCRUZ20190123-6952.jpg,Normal
Normal/FIOCRUZ20190123-7000.jpg,Normal
Normal/FIOCRUZ20190123-7001.jpg,Normal
Normal/FIOCRUZ20190123-7006.jpg,Normal
Normal/FIOCRUZ20190123-7007.jpg,Normal
Normal/FIOCRUZ20190123-7013.jpg,Normal
Normal/FIOCRUZ20190123-7014.jpg,Normal
Normal/FIOCRUZ20190123-7016.jpg,Normal
Normal/FIOCRUZ20190123-7017.jpg,Normal
Normal/FIOCRUZ20190123-7020.jpg,Normal
Normal/FIOCRUZ20190123-7021.jpg,Normal
Normal/FIOCRUZ20190123-7022.jpg,Normal
Normal/FIOCRUZ20190123-7023.jpg,Normal
Normal/FIOCRUZ20190123-7027.jpg,Normal
Normal/FIOCRUZ20190123-7028.jpg,Normal
Normal/FIOCRUZ20190123-7030.jpg,Normal
Normal/FIOCRUZ20190123-7031.jpg,Normal
Normal/FIOCRUZ20190123-7032.jpg,Normal
Normal/FIOCRUZ20190123-7034.jpg,Normal
Normal/FIOCRUZ20190123-7035.jpg,Normal
Normal/FIOCRUZ20190123-7037.jpg,Normal
Normal/FIOCRUZ20190123-7038.jpg,Normal
Normal/FIOCRUZ20190123-7039.jpg,Normal
Normal/FIOCRUZ20190123-7041.jpg,Normal
Normal/FIOCRUZ20190123-7043.jpg,Normal
Normal/FIOCRUZ20190123-7044.jpg,Normal
Normal/FIOCRUZ20190123-7045.jpg,Normal
Normal/FIOCRUZ20190123-7181.jpg,Normal
Normal/FIOCRUZ20190123-7845.jpg,Normal
Normal/FIOCRUZ20190123-7846.jpg,Normal
Normal/FIOCRUZ20190123-7848.jpg,Normal
Normal/FIOCRUZ20190123-7849.jpg,Normal
Normal/FIOCRUZ20190123-7850.jpg,Normal
Normal/FIOCRUZ20190123-7851.jpg,Normal
Normal/FIOCRUZ20190123-7852.jpg,Normal
Normal/FIOCRUZ20190123-7853.jpg,Normal
Normal/FIOCRUZ20190123-7856.jpg,Normal
Normal/FIOCRUZ20190123-7859.jpg,Normal
Normal/FIOCRUZ20190123-7862.jpg,Normal
Normal/FIOCRUZ20190123-7864.jpg,Normal
Normal/FIOCRUZ20190123-7885.jpg,Normal
Normal/FIOCRUZ20190123-7886.jpg,Normal
Normal/FIOCRUZ20190123-7887.jpg,Normal
Normal/FIOCRUZ20190123-9294.jpg,Normal
Normal/FIOCRUZ20190123-9338.jpg,Normal
Normal/FIOCRUZ20190123-9350.jpg,Normal
Normal/FIOCRUZ20190123-9351.jpg,Normal
Normal/FIOCRUZ20190123-9363.jpg,Normal
Normal/FIOCRUZ20190123-9364.jpg,Normal
Normal/FIOCRUZ20190123-9366.jpg,Normal
Normal/FIOCRUZ20190123-9405.jpg,Normal
Normal/FIOCRUZ20190123-9406.jpg,Normal
Normal/FIOCRUZ20190123-9408.jpg,Normal
Normal/FIOCRUZ20190123-9409.jpg,Normal
Normal/FIOCRUZ20190123-9432.jpg,Normal
Normal/FIOCRUZ20190123-9466.jpg,Normal
Normal/FIOCRUZ20190123-9468.jpg,Normal
Normal/FIOCRUZ20190123-9650.jpg,Normal
Normal/FIOCRUZ20190123-9679.jpg,Normal
Normal/FIOCRUZ20190123-10274.jpg,Normal
Normal/FIOCRUZ20190123-10336.jpg,Normal
Normal/FIOCRUZ20190123-10519.jpg,Normal
Normal/FIOCRUZ20190123-10520.jpg,Normal
Normal/FIOCRUZ20190123-10539.jpg,Normal
Normal/FIOCRUZ20190123-10861.jpg,Normal
Normal/FIOCRUZ20190123-10864.jpg,Normal
Normal/FIOCRUZ20190123-10865.jpg,Normal
Normal/FIOCRUZ20190123-10868.jpg,Normal
Normal/FIOCRUZ20190123-10869.jpg,Normal
Normal/FIOCRUZ20190123-10871.jpg,Normal
Normal/FIOCRUZ20190123-10872.jpg,Normal
Normal/FIOCRUZ20190123-10875.jpg,Normal
Normal/FIOCRUZ20190123-10876.jpg,Normal
Normal/FIOCRUZ20190123-10877.jpg,Normal
Normal/FIOCRUZ20190123-10896.jpg,Normal
Normal/FIOCRUZ20190123-10897.jpg,Normal
Normal/FIOCRUZ20190123-10901.jpg,Normal
Normal/FIOCRUZ20190123-10902.jpg,Normal
Normal/FIOCRUZ20190123-11284.jpg,Normal
Normal/FIOCRUZ20190123-11314.jpg,Normal
Normal/FIOCRUZ20190123-11333.jpg,Normal
Normal/FIOCRUZ20190123-11352.jpg,Normal
Normal/FIOCRUZ20190123-11353.jpg,Normal
Normal/FIOCRUZ20190123-11356.jpg,Normal
Normal/FIOCRUZ20190123-11778.jpg,Normal
Normal/FIOCRUZ20190123-11839.jpg,Normal
Normal/FIOCRUZ20190123-11861.jpg,Normal
Normal/FIOCRUZ20190123-11900.jpg,Normal
Normal/FIOCRUZ20190123-11920.jpg,Normal
Normal/FIOCRUZ20190123-12831.jpg,Normal
Normal/FIOCRUZ20190123-12832.jpg,Normal
Normal/FIOCRUZ20190123-12833.jpg,Normal
Normal/FIOCRUZ20190123-12835.jpg,Normal
Normal/FIOCRUZ20190123-12837.jpg,Normal
Normal/FIOCRUZ20190123-12840.jpg,Normal
Normal/FIOCRUZ20190123-12844.jpg,Normal
Normal/FIOCRUZ20190123-12849.jpg,Normal
Normal/FIOCRUZ20190123-12850.jpg,Normal
Normal/FIOCRUZ20190123-12851.jpg,Normal
Normal/FIOCRUZ20190123-12852.jpg,Normal
Normal/FIOCRUZ20190123-12860.jpg,Normal
Normal/FIOCRUZ20190123-12863.jpg,Normal
Normal/FIOCRUZ20190123-12885.jpg,Normal
Normal/FIOCRUZ20190123-12886.jpg,Normal
Normal/FIOCRUZ20190123-12894.jpg,Normal
Normal/FIOCRUZ20190123-12895.jpg,Normal
Normal/FIOCRUZ20190123-12897.jpg,Normal
Normal/FIOCRUZ20190123-12898.jpg,Normal
Normal/FIOCRUZ20190123-12900.jpg,Normal
Normal/FIOCRUZ20190123-13065.jpg,Normal
Normal/FIOCRUZ20190123-13066.jpg,Normal
Normal/FIOCRUZ20190123-13067.jpg,Normal
Normal/FIOCRUZ20190123-13068.jpg,Normal
Normal/FIOCRUZ20190123-13074.jpg,Normal
Normal/FIOCRUZ20190123-13077.jpg,Normal
Normal/FIOCRUZ20190123-13081.jpg,Normal
Normal/FIOCRUZ20190123-13083.jpg,Normal
Normal/FIOCRUZ20190123-13085.jpg,Normal
Normal/FIOCRUZ20190123-13086.jpg,Normal
Normal/FIOCRUZ20190123-13090.jpg,Normal
Normal/FIOCRUZ20190123-13093.jpg,Normal
Normal/FIOCRUZ20190123-13094.jpg,Normal
Normal/FIOCRUZ20190123-13098.jpg,Normal
Normal/FIOCRUZ20190123-13103.jpg,Normal
Normal/FIOCRUZ20190123-13141.jpg,Normal
Normal/FIOCRUZ20190123-13148.jpg,Normal
Normal/FIOCRUZ20190123-13150.jpg,Normal
Normal/FIOCRUZ20190123-13152.jpg,Normal
Normal/FIOCRUZ20190123-13153.jpg,Normal
Normal/FIOCRUZ20190123-13154.jpg,Normal
Normal/FIOCRUZ20190123-13155.jpg,Normal
Normal/FIOCRUZ20190123-13156.jpg,Normal
Normal/FIOCRUZ20190123-13157.jpg,Normal
Normal/FIOCRUZ20190123-13294.jpg,Normal
Normal/FIOCRUZ20190123-13295.jpg,Normal
Normal/FIOCRUZ20190123-13982.jpg,Normal
Normal/FIOCRUZ20190123-14495.jpg,Normal
Normal/FIOCRUZ20190123-14500.jpg,Normal
Normal/FIOCRUZ20190123-14614.jpg,Normal
Normal/FIOCRUZ20190123-14615.jpg,Normal
Normal/FIOCRUZ20190123-14645.jpg,Normal
Normal/FIOCRUZ20190123-14646.jpg,Normal
Normal/FIOCRUZ20190123-14651.jpg,Normal
Normal/FIOCRUZ20190123-14656.jpg,Normal
Normal/FIOCRUZ20190123-14667.jpg,Normal
Normal/FIOCRUZ20190123-14678.jpg,Normal
Normal/FIOCRUZ20190123-15176.jpg,Normal
Normal/FIOCRUZ20190123-15194.jpg,Normal
Normal/IMAGEPAT20190122-337.jpg,Normal
Normal/IMAGEPAT20190122-338.jpg,Normal
Normal/IMAGEPAT20190122-343.jpg,Normal
Normal/IMAGEPAT20190122-345.jpg,Normal
Normal/IMAGEPAT20190122-349.jpg,Normal
Normal/IMAGEPAT20190122-354.jpg,Normal
Normal/IMAGEPAT20190122-355.jpg,Normal
Normal/IMAGEPAT20190122-356.jpg,Normal
Normal/IMAGEPAT20190122-357.jpg,Normal
Normal/IMAGEPAT20190122-358.jpg,Normal
Normal/IMAGEPAT20190122-359.jpg,Normal
Normal/IMAGEPAT20190122-361.jpg,Normal
Normal/IMAGEPAT20190122-363.jpg,Normal
Normal/IMAGEPAT20190122-364.jpg,Normal
Normal/IMAGEPAT20190122-365.jpg,Normal
Normal/IMAGEPAT20190122-368.jpg,Normal
Normal/IMAGEPAT20190122-369.jpg,Normal
Normal/IMAGEPAT20190122-370.jpg,Normal
Normal/IMAGEPAT20190122-371.jpg,Normal
Normal/IMAGEPAT20190122-377.jpg,Normal
Normal/IMAGEPAT20190122-378.jpg,Normal
Normal/IMAGEPAT20190122-384.jpg,Normal
Normal/IMAGEPAT20190122-385.jpg,Normal
Normal/IMAGEPAT20190122-386.jpg,Normal
Normal/IMAGEPAT20190122-499.jpg,Normal
Normal/IMAGEPAT20190122-502.jpg,Normal
Normal/IMAGEPAT20190122-503.jpg,Normal
Normal/IMAGEPAT20190122-504.jpg,Normal
Normal/IMAGEPAT20190122-505.jpg,Normal
Normal/IMAGEPAT20190122-506.jpg,Normal
Normal/IMAGEPAT20190122-580.jpg,Normal
Normal/IMAGEPAT20190122-817.jpg,Normal
Normal/IMAGEPAT20190122-821.jpg,Normal
Normal/IMAGEPAT20190122-827.jpg,Normal
Normal/IMAGEPAT20190122-830.jpg,Normal
Normal/IMAGEPAT20190122-834.jpg,Normal
Normal/IMAGEPAT20190122-835.jpg,Normal
Normal/IMAGEPAT20190122-837.jpg,Normal
Normal/IMAGEPAT20190122-839.jpg,Normal
Normal/IMAGEPAT20190122-872.jpg,Normal
Normal/IMAGEPAT20190122-878.jpg,Normal
Normal/IMAGEPAT20190122-879.jpg,Normal
Normal/IMAGEPAT20190122-880.jpg,Normal
Normal/IMAGEPAT20190122-882.jpg,Normal
Normal/IMAGEPAT20190122-908.jpg,Normal
Normal/IMAGEPAT20190122-923.jpg,Normal
Normal/IMAGEPAT20190122-1367.jpg,Normal
Normal/IMAGEPAT20190122-1375.jpg,Normal
Normal/UFMG20190122 (365).jpg,Normal
Normal/UFMG20190122 (379).jpg,Normal
Normal/UFMG20190122 (404).jpg,Normal
Normal/UFMG20190122 (407).jpg,Normal
Normal/UFMG20190122 (408).jpg,Normal
Normal/UFMG20190122 (409).jpg,Normal
Normal/UFMG20190122 (439).jpg,Normal
Normal/UFMG20190122 (440).jpg,Normal
Normal/UFMG20190122 (441).jpg,Normal
Normal/UFMG20190122 (442).jpg,Normal
Normal/UFMG20190122 (443).jpg,Normal
Normal/UFMG20190122 (445).jpg,Normal
Normal/UFMG20190122 (446).jpg,Normal
Normal/UFMG20190122 (448).jpg,Normal
Normal/UFMG20190122 (450).jpg,Normal
Normal/UFMG20190122 (451).jpg,Normal
Normal/UFMG20190122 (453).jpg,Normal
Normal/UFMG20190122 (455).jpg,Normal
Normal/UFMG20190122 (523).jpg,Normal
Normal/UFMG20190122 (526).jpg,Normal
Normal/UFMG20190122 (527).jpg,Normal
Normal/UFMG20190122 (528).jpg,Normal
Normal/UFMG20190122 (531).jpg,Normal
Normal/UFMG20190122 (532).jpg,Normal
Normal/UFMG20190122 (640).jpg,Normal
Normal/UFMG20190122 (667).jpg,Normal
Normal/UFMG20190122 (708).jpg,Normal
Normal/UFMG20190122 (800).jpg,Normal
Normal/UFMG20190122 (834).jpg,Normal
Normal/UFMG20190122 (835).jpg,Normal
Normal/UFMG20190122 (995).jpg,Normal
Normal/UFMG20190122 (1010).jpg,Normal
Normal/UFMG20190122 (1109).jpg,Normal
Normal/UFMG20190122 (1114).jpg,Normal
Normal/UFMG20190122 (1135).jpg,Normal
Normal/UFMG20190122 (1148).jpg,Normal
Normal/UFMG20190122 (1166).jpg,Normal
Normal/UFMG20190122 (1177).jpg,Normal
Normal/UFMG20190122 (1200).jpg,Normal
Normal/UFMG20190122 (1253).jpg,Normal
Normal/UFMG20190122 (1254).jpg,Normal
Normal/UFMG20190122 (1255).jpg,Normal
Normal/UFMG20190122 (1256).jpg,Normal
Normal/UFMG20190122 (1334).jpg,Normal
Normal/UFMG20190122 (1390).jpg,Normal
Normal/UFMG20190122 (1450).jpg,Normal
Normal/UFMG20190122 (1487).jpg,Normal
Normal/UFMG20190122 (1489).jpg,Normal
Normal/UFMG20190122 (1564).jpg,Normal
Normal/UFMG20190122 (1585).jpg,Normal
Normal/UFMG20190122 (1587).jpg,Normal
Normal/UFMG20190122 (1592).jpg,Normal
Normal/UFMG20190122 (1621).jpg,Normal
Normal/UFMG20190122 (1625).jpg,Normal
Normal/UFMG20190122 (1673).jpg,Normal
Normal/UFMG20190122 (1709).jpg,Normal
Normal/UFMG20190122 (1713).jpg,Normal
Normal/UFMG20190122 (1717).jpg,Normal